Codi,Literal,2020,2019,2018,2017,2016,2015,2014,2013,2012,2011
25001,Abella de la Conca,-,-,-,-,-,-,-,-,-,-
08001,Abrera,23,34,41,50,55,29,34,34,3,2
25002,Àger,-,-,-,-,-,-,-,-,-,-
25003,Agramunt,2,3,4,9,8,3,2,2,-,1
08002,Aguilar de Segarra,-,-,-,-,-,-,-,-,-,-
17001,Agullana,3,-,-,2,1,14,-,-,-,-
08014,Aiguafreda,1,-,-,-,-,-,3,1,-,-
43001,Aiguamúrcia,-,1,2,-,2,-,-,-,-,-
17002,Aiguaviva,-,-,-,-,1,-,1,-,-,-
25038,Aitona,1,2,-,-,-,3,1,2,4,7
25004,"Alamús, els",-,-,-,-,1,-,-,-,-,-
25005,Alàs i Cerc,-,-,-,-,-,-,-,-,-,-
25006,"Albagés, l'",-,-,-,-,-,-,-,-,-,-
17003,Albanyà,-,-,-,-,-,-,-,-,-,-
25007,Albatàrrec,2,-,1,1,2,-,-,4,1,1
25008,Albesa,-,-,-,1,-,-,-,-,-,-
25009,"Albi, l'",-,-,-,-,-,-,-,-,-,-
43002,Albinyana,-,-,1,1,1,2,-,2,1,-
43003,"Albiol, l'",-,-,-,1,-,-,-,-,-,-
17004,Albons,-,-,-,-,-,-,-,-,-,-
43004,Alcanar,1,2,3,2,-,4,1,1,-,1
25010,Alcanó,-,-,-,-,-,-,-,-,-,-
25011,Alcarràs,10,6,19,14,18,12,2,7,1,17
25012,Alcoletge,4,13,6,17,22,11,15,9,2,7
43005,Alcover,1,4,3,4,2,3,2,8,2,-
43904,"Aldea, l'",-,3,2,2,1,3,-,1,2,2
43006,Aldover,-,-,-,-,-,-,-,-,-,-
43007,"Aleixar, l'",-,-,-,1,-,-,1,-,-,-
08003,Alella,23,27,26,32,16,12,5,2,7,1
43008,Alfara de Carles,-,-,-,-,-,-,-,-,-,-
25013,Alfarràs,1,-,1,2,3,2,-,-,1,-
25014,Alfés,-,-,-,-,-,-,-,-,-,-
43009,Alforja,1,-,1,-,1,2,-,-,-,-
25015,Algerri,-,-,-,-,-,-,-,-,-,-
25016,Alguaire,-,2,2,3,2,3,5,7,1,3
25017,Alins,-,-,-,-,-,-,-,1,-,-
43010,Alió,-,-,1,-,-,-,-,-,-,-
25019,Almacelles,6,5,3,3,1,2,1,2,3,3
25020,Almatret,-,-,-,-,-,-,-,-,-,-
25021,Almenar,-,2,1,-,1,1,-,-,-,-
43011,Almoster,-,-,1,-,-,-,1,-,1,-
25022,Alòs de Balaguer,-,-,-,-,-,-,-,-,-,-
17006,Alp,-,1,-,-,-,-,-,-,2,1
08004,Alpens,-,-,-,-,-,-,-,-,-,-
25023,Alpicat,4,1,-,5,4,-,-,-,-,3
25024,Alt Àneu,-,-,-,1,-,-,1,-,-,-
43012,Altafulla,5,9,15,18,11,9,14,3,3,14
17007,Amer,-,-,-,-,-,-,-,-,-,-
43013,"Ametlla de Mar, l'",-,-,-,-,-,1,-,2,1,1
08005,"Ametlla del Vallès, l'",45,1,2,2,2,1,2,-,-,-
43906,"Ampolla, l'",2,2,2,7,6,34,3,9,3,1
43014,Amposta,34,61,63,28,34,31,37,39,31,11
17008,Anglès,4,7,4,10,3,3,4,-,-,-
25027,Anglesola,-,-,-,-,-,-,-,-,-,-
25029,Arbeca,-,-,-,1,-,-,3,-,-,-
43016,"Arboç, l'",5,11,8,8,12,6,13,4,5,4
43015,Arbolí,-,-,-,-,-,-,-,-,-,-
17009,Arbúcies,1,4,3,-,4,6,6,-,1,8
08006,Arenys de Mar,13,21,17,22,25,8,9,29,27,160
08007,Arenys de Munt,3,3,4,2,2,3,2,-,2,2
17010,Argelaguer,-,-,-,-,-,1,-,-,-,1
08008,Argençola,-,1,-,-,-,-,-,-,-,-
43017,"Argentera, l'",-,-,-,-,-,-,-,-,-,-
08009,Argentona,8,16,13,6,5,2,1,1,4,8
17011,"Armentera, l'",1,7,10,9,2,8,5,-,-,-
43018,Arnes,-,-,-,-,-,-,-,-,-,-
25031,Arres,-,-,-,-,-,-,-,-,-,-
25032,Arsèguel,-,-,-,-,-,-,-,-,-,-
08010,Artés,24,12,14,15,18,7,4,4,6,3
25033,Artesa de Lleida,-,2,-,-,-,1,-,-,-,-
25034,Artesa de Segre,-,-,-,-,-,1,3,-,-,-
43019,Ascó,1,-,-,-,-,-,-,-,-,-
25036,Aspa,-,-,-,-,-,-,-,-,-,-
25037,"Avellanes i Santa Linya, les",-,-,-,-,-,-,-,-,-,-
08011,Avià,-,-,-,-,-,1,-,1,-,-
08012,Avinyó,8,10,6,5,3,3,10,8,4,2
17012,Avinyonet de Puigventós,1,-,-,-,-,-,-,-,-,-
08013,Avinyonet del Penedès,-,1,2,-,-,-,2,1,-,-
08015,Badalona,459,708,733,762,791,670,385,"1,033",325,345
08904,Badia del Vallès,28,30,34,44,51,22,18,14,19,14
08016,Bagà,1,-,-,-,-,3,3,-,-,-
25039,Baix Pallars,3,-,4,-,-,-,-,1,-,-
25040,Balaguer,42,53,54,70,103,108,76,47,4,27
08017,Balenyà,1,1,1,2,4,3,1,-,-,-
08018,Balsareny,4,2,3,1,6,2,3,2,3,-
43020,Banyeres del Penedès,4,8,4,2,8,10,2,1,3,11
17015,Banyoles,28,54,30,53,69,71,43,33,71,30
25041,Barbens,-,1,1,-,-,-,-,-,-,-
43021,Barberà de la Conca,-,-,-,-,-,-,-,-,-,-
08252,Barberà del Vallès,75,88,138,132,134,106,114,82,64,11
08019,Barcelona,"4,710","9,422","7,406","10,481","8,343","7,088","6,139","6,586","8,315","6,707"
25042,"Baronia de Rialb, la",-,-,-,-,-,-,-,-,-,-
17016,Bàscara,-,1,-,-,-,-,-,1,-,-
25044,Bassella,-,-,-,-,-,-,-,-,-,-
43022,Batea,2,1,2,-,2,1,2,1,-,1
25045,Bausen,-,-,-,-,-,-,-,-,-,-
08020,Begues,30,41,15,7,12,6,2,3,3,13
17013,Begur,4,2,1,1,7,1,-,-,-,1
25046,Belianes,-,-,-,-,-,1,-,-,-,-
25170,Bellaguarda,-,-,-,-,-,-,-,-,-,-
17018,Bellcaire d'Empordà,-,-,-,-,-,-,-,-,-,-
25047,Bellcaire d'Urgell,-,-,-,-,-,-,1,-,-,-
25048,Bell-lloc d'Urgell,-,1,-,2,2,1,-,2,-,3
43023,Bellmunt del Priorat,-,-,-,-,-,-,-,-,-,-
25049,Bellmunt d'Urgell,1,-,-,-,-,-,-,-,-,-
08021,Bellprat,-,-,-,-,-,-,-,-,-,-
25050,Bellpuig,8,13,8,11,23,24,1,7,23,16
43024,Bellvei,-,1,1,1,1,2,-,-,-,-
25051,Bellver de Cerdanya,4,4,-,-,2,1,2,-,-,11
25052,Bellvís,-,-,1,-,-,1,-,-,-,-
25053,Benavent de Segrià,-,1,-,-,-,-,-,-,-,-
43025,Benifallet,-,1,-,-,-,-,-,-,-,-
43026,Benissanet,-,2,-,-,-,-,1,-,1,1
08022,Berga,32,12,10,20,40,21,17,37,41,11
17019,Besalú,2,-,2,2,2,1,-,2,2,2
17020,Bescanó,3,2,2,1,2,-,-,-,-,-
17021,Beuda,-,-,-,-,-,-,-,-,-,1
08023,Bigues i Riells,20,1,4,8,6,5,1,-,30,-
25055,Biosca,-,-,-,-,-,-,-,-,-,-
43027,"Bisbal de Falset, la",-,1,-,-,-,-,-,-,-,-
43028,"Bisbal del Penedès, la",1,-,1,2,3,1,2,1,1,-
17022,"Bisbal d'Empordà, la",25,23,17,18,25,28,16,20,39,51
17234,Biure,-,-,-,-,-,-,-,-,-,-
43029,Blancafort,1,-,-,-,-,-,-,-,-,-
17023,Blanes,68,114,80,78,137,113,64,91,23,70
17029,Boadella i les Escaules,-,-,-,-,-,-,-,-,-,1
17024,Bolvir,2,3,2,1,1,1,-,-,11,-
43030,Bonastre,-,-,-,-,-,-,-,-,-,-
25057,"Bòrdes, es",-,1,-,-,-,-,-,-,-,-
17025,Bordils,2,-,-,-,-,-,-,-,-,-
25058,"Borges Blanques, les",9,16,6,7,5,3,6,13,-,5
43031,"Borges del Camp, les",1,-,-,1,-,-,-,-,-,-
17026,Borrassà,-,-,-,-,1,-,-,-,-,-
08024,Borredà,-,-,-,-,-,-,-,-,-,-
25059,Bossòst,-,-,-,-,-,-,-,-,-,-
43032,Bot,-,-,1,2,-,-,-,-,-,-
43033,Botarell,1,1,-,3,-,2,2,1,-,1
25056,Bovera,-,-,-,-,-,-,-,-,-,-
43034,Bràfim,-,-,-,-,-,1,-,-,-,-
17027,Breda,-,2,-,-,1,1,-,1,-,-
08025,"Bruc, el",1,2,-,-,-,-,-,-,-,-
08026,"Brull, el",-,-,-,-,-,-,-,-,-,-
17028,Brunyola i Sant Martí Sapresa,-,-,-,-,-,-,-,-,-,-
43035,Cabacés,-,1,-,-,-,-,-,1,1,1
25060,Cabanabona,-,-,-,-,-,-,-,-,-,-
17031,Cabanelles,-,-,-,-,-,-,-,-,-,-
17030,Cabanes,-,-,-,-,-,-,1,-,-,-
08027,"Cabanyes, les",-,1,-,-,1,-,1,-,-,-
25061,Cabó,-,-,-,-,-,-,-,-,-,-
43036,Cabra del Camp,-,-,1,-,-,1,-,-,-,-
08028,Cabrera d'Anoia,-,-,1,-,-,-,-,-,1,-
08029,Cabrera de Mar,14,4,14,21,5,2,3,-,4,26
08030,Cabrils,1,-,1,3,-,1,1,1,-,-
17032,Cadaqués,3,4,9,-,4,6,9,-,-,1
08031,Calaf,7,10,10,16,11,11,25,3,17,2
43037,Calafell,16,41,32,25,27,24,16,12,10,6
08034,Calders,-,-,-,-,-,-,-,-,-,-
17033,Caldes de Malavella,4,4,2,1,5,2,4,-,-,-
08033,Caldes de Montbui,15,31,23,17,23,19,4,2,2,14
08032,Caldes d'Estrac,1,-,-,1,3,-,-,-,1,-
08035,Calella,13,20,16,18,5,9,4,7,5,10
08037,Calldetenes,3,2,3,2,2,1,7,-,-,-
08038,Callús,11,1,9,15,8,18,14,27,13,4
08036,Calonge de Segarra,-,-,-,-,-,-,-,-,-,-
17034,Calonge i Sant Antoni,9,8,8,11,16,6,5,2,17,4
25062,Camarasa,-,-,-,-,-,-,-,-,-,-
43903,Camarles,-,-,-,1,-,-,-,1,-,2
43038,Cambrils,108,169,115,135,177,139,148,57,36,92
17035,Camós,-,-,-,-,-,-,-,1,-,-
17036,Campdevànol,3,3,5,4,6,2,2,2,-,1
17037,Campelles,-,-,-,-,-,-,-,-,-,-
08039,Campins,-,-,-,-,-,-,-,-,-,-
17038,Campllong,-,-,1,-,-,-,1,-,-,-
17039,Camprodon,-,-,-,-,-,-,1,-,-,-
25063,Canejan,-,-,-,-,-,-,-,-,-,-
17040,Canet d'Adri,-,-,-,-,-,-,-,-,-,-
08040,Canet de Mar,10,11,7,22,8,5,18,30,6,3
43907,"Canonja, la",4,4,11,7,8,5,8,4,4,2
08041,Canovelles,33,18,47,61,71,32,28,2,2,1
08042,Cànoves i Samalús,1,-,-,1,-,-,-,-,-,-
17041,Cantallops,-,-,-,-,-,-,-,-,-,1
08043,Canyelles,-,2,-,1,1,-,2,-,-,-
43039,Capafonts,-,-,-,-,-,-,-,-,-,-
43040,Capçanes,-,1,-,-,-,-,-,-,-,-
08044,Capellades,3,4,4,5,7,7,3,2,3,2
17042,Capmany,-,-,-,-,-,-,-,-,-,-
08045,Capolat,-,-,-,-,-,-,-,-,-,-
08046,Cardedeu,11,25,15,17,14,3,5,-,-,2
08047,Cardona,40,13,1,3,4,6,5,5,19,14
08048,Carme,1,-,-,2,-,-,1,-,-,-
43041,Caseres,-,1,-,-,1,-,1,-,-,-
17044,Cassà de la Selva,5,6,10,20,4,5,5,1,-,1
08049,Casserres,1,-,-,-,-,-,-,-,-,-
08057,Castell de l'Areny,-,-,-,-,-,-,-,-,-,-
25904,Castell de Mur,-,1,-,-,-,-,-,-,-,-
25064,Castellar de la Ribera,-,-,-,-,-,-,-,-,-,-
08052,Castellar de N'Hug,-,-,-,-,-,-,-,-,-,-
08050,Castellar del Riu,-,-,-,-,-,-,-,-,-,-
08051,Castellar del Vallès,36,36,68,52,56,47,21,40,30,149
08053,Castellbell i el Vilar,1,1,2,-,3,-,3,-,-,-
08054,Castellbisbal,57,27,54,45,56,32,16,3,2,2
08055,Castellcir,1,-,1,-,-,-,1,-,-,-
25067,Castelldans,-,-,-,-,-,-,-,-,-,-
08056,Castelldefels,158,189,178,175,105,186,82,40,319,765
08058,Castellet i la Gornal,2,1,2,-,2,2,5,-,-,-
17046,Castellfollit de la Roca,9,5,4,4,6,6,3,12,6,6
08060,Castellfollit de Riubregós,-,-,-,-,1,-,-,-,-,-
08059,Castellfollit del Boix,-,-,-,-,-,-,-,-,-,-
08061,Castellgalí,-,-,2,-,-,-,-,-,-,-
08062,Castellnou de Bages,-,-,-,-,-,-,-,-,-,-
25068,Castellnou de Seana,-,1,-,-,1,-,-,-,-,-
25069,Castelló de Farfanya,-,-,-,-,-,-,-,-,-,-
17047,Castelló d'Empúries,9,6,7,3,6,7,5,29,4,25
08063,Castellolí,-,-,-,-,-,-,-,-,-,-
17048,Castell-Platja d'Aro,13,9,9,3,14,9,17,3,-,23
25070,Castellserà,-,-,-,-,-,1,-,-,-,-
08064,Castellterçol,-,1,6,-,2,-,2,-,-,-
43042,Castellvell del Camp,-,-,-,-,-,-,1,-,-,-
08065,Castellví de la Marca,-,-,1,-,-,1,-,-,-,-
08066,Castellví de Rosanes,-,1,-,-,-,-,-,-,-,-
43043,"Catllar, el",-,-,-,1,-,-,-,-,-,2
25071,Cava,-,-,-,-,-,-,-,-,-,-
17189,"Cellera de Ter, la",-,1,1,-,1,-,1,-,1,1
17049,Celrà,1,3,4,2,4,1,2,1,1,1
08067,Centelles,16,4,17,29,20,18,8,28,-,-
08268,Cercs,-,-,-,-,-,-,-,-,-,-
08266,Cerdanyola del Vallès,170,164,188,224,135,102,56,35,74,49
08068,Cervelló,4,5,6,5,5,1,1,1,1,7
25072,Cervera,8,5,10,19,14,24,15,13,43,8
25073,Cervià de les Garrigues,-,-,-,-,-,-,-,-,-,-
17050,Cervià de Ter,1,-,-,-,-,-,-,-,-,-
17051,Cistella,-,-,-,-,-,-,-,-,-,-
25074,Ciutadilla,-,-,-,-,-,-,-,-,-,-
25075,Clariana de Cardener,-,-,-,-,-,-,-,-,-,-
25076,"Cogul, el",-,-,-,-,-,-,-,-,-,-
17054,Colera,-,-,-,-,-,-,-,-,-,-
25077,Coll de Nargó,-,-,-,-,-,-,-,-,-,-
08069,Collbató,-,-,-,-,1,-,-,2,-,-
43045,Colldejou,-,-,-,-,-,-,-,-,-,-
08070,Collsuspina,-,-,-,-,-,-,-,-,-,-
17055,Colomers,-,-,-,-,-,-,1,-,-,-
25163,"Coma i la Pedra, la",-,-,-,-,-,-,-,-,-,-
25161,Conca de Dalt,-,-,-,-,-,-,-,-,-,-
43046,Conesa,-,-,-,-,-,-,-,-,-,-
43047,Constantí,18,15,20,27,16,24,22,6,19,32
08071,Copons,-,-,-,-,-,-,-,1,-,-
08072,Corbera de Llobregat,16,25,10,20,12,47,8,1,-,-
43048,Corbera d'Ebre,2,1,1,-,1,-,-,-,-,-
25078,Corbins,-,-,-,-,1,-,-,-,-,-
17057,Corçà,-,-,-,-,-,-,-,-,-,1
08073,Cornellà de Llobregat,656,938,643,693,459,418,218,267,596,268
17056,Cornellà del Terri,-,-,-,1,1,1,-,-,2,-
43049,Cornudella de Montsant,-,-,-,-,-,-,-,-,-,-
43050,Creixell,2,2,-,-,5,1,1,-,-,3
17058,Crespià,-,-,-,-,-,-,-,-,-,-
17901,"Cruïlles, Monells i Sant Sadurní de l'Heura",2,-,-,-,-,-,-,-,-,-
08074,Cubelles,12,15,19,25,19,13,10,5,4,7
25079,Cubells,-,-,-,-,-,-,-,-,-,-
43051,Cunit,8,25,31,11,19,17,19,1,5,8
17060,Darnius,-,-,-,-,-,-,-,-,-,-
17061,Das,-,1,-,-,-,-,-,-,-,-
43901,Deltebre,6,4,2,1,1,1,2,1,4,14
08075,Dosrius,1,1,-,2,-,1,1,-,3,-
43053,Duesaigües,-,1,-,-,1,-,-,-,-,-
17062,"Escala, l'",6,3,-,9,30,-,-,-,-,2
08076,Esparreguera,13,15,10,4,6,2,3,3,1,2
17063,Espinelves,-,-,-,-,-,-,-,-,-,-
25081,"Espluga Calba, l'",-,1,1,-,-,-,-,-,-,-
43054,"Espluga de Francolí, l'",3,2,5,3,1,1,3,2,-,2
08077,Esplugues de Llobregat,178,164,274,125,138,139,76,76,376,164
17064,Espolla,-,-,-,-,-,-,-,-,-,-
17065,Esponellà,-,-,-,1,-,-,-,-,-,-
25082,Espot,-,-,-,1,-,-,-,2,-,-
08078,"Espunyola, l'",-,-,-,-,-,-,-,-,-,-
08254,"Esquirol, l'",2,4,-,-,-,2,2,-,-,-
25088,Estamariu,-,-,-,-,-,-,-,-,-,-
08079,"Estany, l'",-,-,-,-,-,-,1,-,-,-
25085,Estaràs,-,-,-,-,-,-,-,-,-,-
25086,Esterri d'Àneu,1,2,1,2,1,-,-,6,-,3
25087,Esterri de Cardós,-,-,-,-,-,-,-,1,-,-
43055,Falset,3,1,4,2,4,1,-,-,1,4
17005,"Far d'Empordà, el",-,-,-,-,1,-,-,-,-,-
25089,Farrera,-,-,-,-,-,-,-,-,-,-
43056,"Fatarella, la",-,-,-,-,-,-,-,-,-,-
43057,"Febró, la",-,-,-,-,-,-,-,-,-,-
08134,Figaró-Montmany,-,-,-,1,1,1,-,-,-,1
08080,Fígols,-,-,-,-,-,-,-,-,-,-
25908,Fígols i Alinyà,-,-,-,-,-,-,-,-,-,-
43058,"Figuera, la",-,-,-,-,-,-,-,-,-,-
17066,Figueres,145,142,99,63,104,102,94,146,214,201
43059,Figuerola del Camp,-,-,-,1,-,-,-,1,-,-
17067,Flaçà,2,1,-,-,-,-,-,1,-,-
43060,Flix,-,2,1,4,2,5,5,-,10,4
25092,"Floresta, la",1,-,-,1,1,-,-,-,-,1
08082,Fogars de la Selva,-,-,-,-,-,-,-,-,-,-
08081,Fogars de Montclús,-,-,-,-,-,-,-,-,-,-
17068,Foixà,-,-,-,-,-,-,-,-,-,-
08083,Folgueroles,4,-,-,-,2,2,-,-,1,1
25093,Fondarella,-,-,-,-,1,-,1,-,-,-
08084,Fonollosa,-,-,-,-,1,-,-,-,-,-
17069,Fontanals de Cerdanya,1,-,-,-,-,-,-,-,-,-
17070,Fontanilles,-,-,-,-,-,-,-,-,-,-
17071,Fontcoberta,1,2,-,1,1,1,5,-,-,-
08085,Font-rubí,1,1,1,1,2,1,-,-,-,-
25094,Foradada,-,-,-,-,-,-,-,-,-,-
17902,Forallac,1,1,3,-,1,2,1,-,2,2
43061,Forès,-,-,-,-,-,-,-,-,-,-
17073,Fornells de la Selva,1,4,3,-,1,-,1,-,-,-
17074,Fortià,-,1,-,-,1,-,-,-,-,1
08086,"Franqueses del Vallès, les",44,59,103,61,72,34,27,39,48,68
43062,Freginals,-,-,-,-,-,-,-,-,-,-
25096,"Fuliola, la",-,-,1,-,1,1,3,1,2,-
25097,Fulleda,-,-,-,-,-,-,-,-,-,-
08090,Gaià,-,-,-,-,-,-,-,-,-,-
43063,"Galera, la",1,-,-,-,-,-,-,-,-,-
08087,Gallifa,-,-,-,-,-,-,-,-,-,-
43064,Gandesa,1,3,9,9,5,16,16,11,10,5
43065,Garcia,-,-,-,-,-,-,-,-,-,-
43066,"Garidells, els",-,-,-,-,-,-,-,-,-,-
08088,"Garriga, la",23,30,6,2,5,1,4,1,1,-
17075,Garrigàs,-,-,-,-,-,-,-,-,-,-
17076,Garrigoles,-,-,-,-,-,-,-,-,-,-
17077,Garriguella,-,-,1,-,-,-,-,-,-,-
08089,Gavà,303,405,229,294,260,215,97,67,301,478
25098,Gavet de la Conca,-,-,-,-,-,-,-,-,-,-
08091,Gelida,6,8,8,13,22,11,20,15,16,-
17078,Ger,-,-,-,-,-,-,-,-,-,-
25912,Gimenells i el Pla de la Font,-,-,-,-,-,-,-,-,-,1
43067,Ginestar,-,2,1,-,1,-,-,-,-,-
17079,Girona,149,294,215,172,174,164,181,111,312,223
08092,Gironella,4,1,-,4,4,2,3,-,1,-
08093,Gisclareny,-,-,-,-,-,-,-,-,-,-
43068,Godall,-,-,-,-,-,-,-,-,-,-
25099,Golmés,1,-,1,1,1,-,-,-,-,-
17080,Gombrèn,-,-,-,-,-,-,-,-,-,-
25100,Gósol,-,-,-,-,-,-,-,-,-,-
08094,"Granada, la",5,4,5,5,8,6,2,1,1,1
25101,"Granadella, la",-,-,-,-,-,1,1,-,-,-
08095,Granera,-,-,-,-,-,-,-,-,-,-
25102,"Granja d'Escarp, la",-,-,-,-,-,-,-,-,-,-
08096,Granollers,240,230,226,297,329,213,115,42,65,31
25103,Granyanella,-,-,-,-,-,-,-,-,-,-
25105,Granyena de les Garrigues,-,-,-,-,-,-,-,-,-,-
25104,Granyena de Segarra,-,-,-,-,-,-,-,-,-,-
43069,Gratallops,-,-,-,-,-,-,-,-,-,-
08097,Gualba,-,-,-,-,-,-,-,-,-,-
17081,Gualta,-,-,-,-,-,-,-,-,-,-
08099,Guardiola de Berguedà,-,3,-,-,-,1,-,-,3,-
43070,"Guiamets, els",-,-,1,-,-,-,-,-,-,-
17082,Guils de Cerdanya,-,-,-,-,-,-,-,-,-,-
25109,Guimerà,-,-,-,-,-,-,-,-,-,-
25903,"Guingueta d'Àneu, la",1,-,-,1,-,-,-,1,-,-
25110,Guissona,24,46,20,29,32,46,63,33,-,-
25111,Guixers,-,-,-,-,-,-,-,-,-,-
08100,Gurb,-,1,-,-,-,1,1,-,-,-
43071,Horta de Sant Joan,2,9,1,2,4,1,9,7,7,4
08101,"Hospitalet de Llobregat, l'",805,"1,092","1,328","1,611","1,794",876,680,698,"1,126","1,401"
08162,"Hostalets de Pierola, els",1,-,1,-,-,-,-,-,-,1
17083,Hostalric,2,4,-,5,1,2,5,-,-,-
08102,Igualada,96,82,109,128,133,138,122,80,113,77
25115,Isona i Conca Dellà,1,-,2,-,-,-,-,-,-,-
17084,Isòvol,-,-,-,-,-,-,-,-,-,-
25112,Ivars de Noguera,-,-,-,-,-,-,-,-,-,1
25113,Ivars d'Urgell,-,-,-,-,-,1,-,-,-,-
25114,Ivorra,-,-,-,-,-,-,-,-,-,-
17085,Jafre,-,-,2,-,-,-,-,-,-,-
17086,"Jonquera, la",1,1,-,1,1,3,-,1,1,1
08103,Jorba,1,-,-,-,1,-,-,-,-,-
25910,Josa i Tuixén,-,-,-,-,-,-,-,-,-,-
17087,Juià,-,-,-,-,-,-,-,-,-,-
25118,Juncosa,-,-,-,-,-,-,-,-,-,-
25119,Juneda,-,1,1,-,-,-,-,-,-,2
25121,Les,2,1,-,2,-,-,-,-,-,-
25122,Linyola,1,-,4,-,-,2,-,-,-,-
08104,"Llacuna, la",-,-,-,-,-,-,-,-,-,-
17088,Lladó,-,-,-,-,-,-,-,-,1,1
25123,Lladorre,-,1,-,-,-,-,-,-,-,-
25124,Lladurs,-,-,-,-,-,-,-,-,-,-
08105,"Llagosta, la",6,8,6,10,8,37,4,6,7,6
17089,Llagostera,34,7,10,8,16,10,5,1,1,35
17090,Llambilles,-,-,-,-,-,-,-,-,-,-
17091,Llanars,-,-,-,-,-,-,-,-,-,-
17092,Llançà,8,4,8,8,6,-,5,6,34,1
25125,Llardecans,-,-,-,-,-,-,-,-,-,-
25126,Llavorsí,-,2,-,-,1,-,1,6,-,-
25120,Lleida,356,479,667,630,762,606,480,575,441,589
17093,Llers,-,-,-,-,-,-,1,-,-,-
25127,Lles de Cerdanya,-,-,-,-,-,-,-,-,-,-
08107,Lliçà d'Amunt,7,8,5,6,6,4,16,-,4,5
08108,Lliçà de Vall,-,4,1,3,2,2,-,1,1,-
25128,Llimiana,-,-,-,-,-,-,-,-,-,-
08106,Llinars del Vallès,5,5,3,3,2,1,-,1,3,2
17094,Llívia,5,1,2,3,1,-,1,1,7,25
43072,"Lloar, el",-,-,-,-,-,-,-,-,-,-
25129,Llobera,-,-,-,-,-,-,-,-,-,-
43073,Llorac,-,-,-,-,-,-,-,-,-,-
43074,Llorenç del Penedès,3,3,2,1,2,-,-,-,-,-
17095,Lloret de Mar,15,11,17,20,11,38,15,51,135,31
17096,"Llosses, les",-,-,-,-,-,-,-,-,-,-
08109,Lluçà,-,-,-,-,-,-,-,-,-,-
17102,Maçanet de Cabrenys,-,-,-,-,-,-,-,-,-,-
17103,Maçanet de la Selva,4,2,5,6,2,1,1,-,-,2
17097,Madremanya,-,1,-,-,-,-,-,-,-,-
17098,Maià de Montcal,-,-,-,-,-,-,-,-,-,-
25133,Maials,1,-,-,-,-,-,-,-,-,-
25130,Maldà,-,-,-,-,-,-,-,-,-,-
08110,Malgrat de Mar,23,25,25,43,29,23,20,4,2,16
08111,Malla,-,-,-,-,-,-,-,-,-,-
08112,Manlleu,26,24,13,26,32,27,15,17,21,62
08113,Manresa,237,257,270,264,212,217,63,64,18,42
43076,Marçà,-,1,-,-,1,-,-,-,-,-
43075,Margalef,-,-,-,-,-,-,-,-,-,-
08242,Marganell,-,-,-,-,-,-,-,-,-,-
08114,Martorell,45,"1,399",117,74,76,54,15,18,223,1
08115,Martorelles,2,2,-,2,1,3,1,-,1,-
43077,Mas de Barberans,-,-,-,-,-,-,1,-,-,-
17100,Masarac,-,-,-,-,-,-,-,-,-,-
43078,Masdenverge,-,2,1,1,1,-,1,-,-,-
08116,"Masies de Roda, les",1,-,-,-,-,-,-,-,-,-
08117,"Masies de Voltregà, les",1,-,-,3,2,4,6,3,1,5
43079,Masllorenç,-,-,-,-,-,-,-,-,-,-
08118,"Masnou, el",81,101,181,139,84,52,48,143,9,63
43080,"Masó, la",-,-,-,-,-,-,-,-,-,-
43081,Maspujols,-,-,-,-,-,-,-,-,-,-
08119,Masquefa,3,2,3,2,2,1,2,2,2,-
43082,"Masroig, el",-,1,-,-,-,-,-,-,-,1
25131,Massalcoreig,-,-,1,-,-,-,-,-,-,-
17101,Massanes,-,1,-,-,-,-,-,-,-,-
25132,Massoteres,-,-,-,-,-,-,-,-,-,-
08120,Matadepera,24,4,4,1,12,8,13,6,13,14
08121,Mataró,393,491,444,506,500,282,234,209,203,331
08122,Mediona,3,1,-,1,3,-,-,-,-,-
25134,Menàrguens,-,-,-,-,-,-,-,-,-,-
17099,Meranges,-,-,-,1,-,-,-,-,-,-
17105,Mieres,-,5,5,-,-,-,-,-,3,-
43083,"Milà, el",-,-,-,-,-,-,-,-,-,-
25135,Miralcamp,1,-,-,-,1,-,-,-,-,-
43084,Miravet,-,-,-,-,-,-,-,-,-,-
08138,Moià,3,4,3,2,4,3,9,-,-,-
43085,"Molar, el",1,-,-,-,-,-,-,-,-,-
08123,Molins de Rei,125,78,117,178,112,135,35,23,28,46
25137,Mollerussa,52,75,87,94,79,117,127,71,104,115
17106,Mollet de Peralada,-,-,-,-,-,-,-,-,-,-
08124,Mollet del Vallès,173,207,212,271,68,149,112,62,86,162
17107,Molló,-,-,-,-,-,-,-,-,-,-
25136,"Molsosa, la",-,-,-,-,-,-,-,-,-,-
08128,Monistrol de Calders,-,1,-,1,-,-,-,-,-,-
08127,Monistrol de Montserrat,3,6,11,7,16,9,10,1,1,-
17109,Montagut i Oix,-,1,-,-,-,-,2,-,3,1
43086,Montblanc,16,36,20,12,18,26,12,4,22,17
43088,Montbrió del Camp,1,5,1,4,2,3,3,1,-,-
08125,Montcada i Reixac,95,83,95,84,84,126,68,62,30,50
08130,Montclar,-,-,-,-,-,-,-,-,-,-
25139,Montellà i Martinet,1,-,4,3,2,5,3,-,-,5
08131,Montesquiu,-,-,1,-,1,2,-,1,-,-
25140,Montferrer i Castellbò,-,-,-,-,-,-,-,-,-,1
43089,Montferri,1,-,-,-,-,-,-,-,-,-
25138,Montgai,-,-,-,-,-,-,-,-,-,-
08126,Montgat,170,135,92,75,58,33,25,21,28,179
08132,Montmajor,-,-,-,-,-,-,-,-,-,-
08133,Montmaneu,-,-,-,-,-,-,-,-,-,-
43090,"Montmell, el",-,-,1,-,-,1,-,-,-,-
08135,Montmeló,34,39,22,28,18,12,9,6,11,10
25142,Montoliu de Lleida,-,-,-,1,-,-,-,-,-,-
25141,Montoliu de Segarra,-,-,-,-,-,-,-,-,-,-
25143,Montornès de Segarra,-,-,-,-,-,-,-,-,-,-
08136,Montornès del Vallès,15,26,21,10,31,4,4,-,7,11
43091,Mont-ral,-,-,-,-,-,-,-,-,-,-
17110,Mont-ras,-,1,2,1,1,1,-,1,-,-
43092,Mont-roig del Camp,5,11,10,9,6,5,9,11,3,1
08137,Montseny,-,-,-,-,-,-,-,-,-,-
43093,Móra d'Ebre,17,22,13,17,23,21,20,1,6,24
43094,Móra la Nova,3,4,6,3,6,4,1,-,1,3
43095,"Morell, el",1,5,3,-,-,-,2,-,1,5
43096,"Morera de Montsant, la",-,-,-,-,-,-,-,-,-,-
08129,Muntanyola,-,-,-,-,-,-,1,-,-,-
08139,Mura,-,-,-,-,-,-,-,-,-,-
25145,Nalec,-,-,-,-,-,-,-,-,-,-
25025,Naut Aran,-,1,-,-,-,-,-,-,-,26
08140,Navarcles,4,-,2,7,3,4,3,13,-,1
08141,Navàs,7,6,8,3,1,2,-,11,3,5
17111,Navata,-,-,-,-,-,-,-,-,1,-
25146,Navès,-,-,-,-,-,-,-,-,-,-
08142,"Nou de Berguedà, la",-,-,-,-,-,-,-,-,-,-
43097,"Nou de Gaià, la",-,-,-,-,-,-,-,-,-,-
43098,Nulles,-,1,-,1,-,-,-,-,-,-
25148,Odèn,-,1,-,-,-,-,-,-,-,-
08143,Òdena,4,-,-,1,3,-,1,1,1,1
17112,Ogassa,-,-,-,-,-,-,-,-,-,-
08145,Olèrdola,-,3,2,2,2,-,-,-,-,-
08146,Olesa de Bonesvalls,-,-,-,1,-,-,-,-,-,-
08147,Olesa de Montserrat,178,39,16,24,23,18,41,2,-,4
25149,Oliana,-,-,1,-,-,-,-,-,-,-
25150,Oliola,-,-,-,-,-,-,-,-,-,-
25151,Olius,-,-,-,1,-,-,-,-,-,-
08148,Olivella,4,1,2,2,1,1,-,-,-,-
08149,Olost,-,-,2,1,-,1,-,-,-,-
17114,Olot,157,317,203,148,194,101,105,136,141,142
25152,"Oluges, les",-,-,-,-,-,-,-,-,-,-
08144,Olvan,-,1,-,1,2,-,3,3,1,1
25153,"Omellons, els",-,-,-,-,-,-,-,-,-,-
25154,"Omells de Na Gaia, els",-,-,-,-,-,-,-,-,-,-
17115,Ordis,-,-,-,-,-,-,-,-,-,-
25155,Organyà,-,-,-,-,-,-,-,-,-,-
08150,Orís,-,-,-,-,-,-,-,-,-,-
08151,Oristà,-,-,-,-,-,-,-,-,-,-
08152,Orpí,-,-,-,-,-,-,-,-,-,-
08153,Òrrius,-,-,-,-,-,-,-,-,-,-
25156,Os de Balaguer,-,-,-,1,-,-,-,-,-,-
17116,Osor,-,-,-,-,-,-,-,-,-,-
25157,Ossó de Sió,-,-,-,-,-,-,-,-,-,-
08154,Pacs del Penedès,-,-,1,-,-,-,-,-,-,-
08155,Palafolls,4,5,8,10,7,8,8,19,34,21
17117,Palafrugell,83,124,121,88,131,106,63,113,28,152
17118,Palamós,17,4,6,12,18,25,8,26,20,28
25158,"Palau d'Anglesola, el",-,1,-,1,-,-,-,1,-,-
17119,Palau de Santa Eulàlia,-,-,-,-,-,-,-,-,-,-
17121,Palau-sator,-,-,-,-,1,-,-,-,-,-
17120,Palau-saverdera,2,1,-,-,1,3,1,-,-,1
08156,Palau-solità i Plegamans,11,8,5,7,6,2,2,5,1,2
43100,"Pallaresos, els",1,1,2,-,-,2,-,-,2,3
08157,Pallejà,14,5,6,7,4,7,-,1,3,1
08905,"Palma de Cervelló, la",1,-,-,1,-,-,-,1,-,1
43099,"Palma d'Ebre, la",-,-,-,-,-,-,-,-,-,-
17123,Palol de Revardit,-,-,-,-,-,-,-,-,-,-
17124,Pals,-,2,-,-,-,1,-,1,-,4
08158,"Papiol, el",1,-,2,2,-,2,-,-,-,-
17125,Pardines,-,8,-,-,-,-,-,2,-,4
08159,Parets del Vallès,24,30,27,34,34,15,18,48,2,15
17126,Parlavà,-,-,-,-,-,-,-,-,-,-
43101,Passanant i Belltall,-,-,-,-,-,-,-,-,-,-
17128,Pau,-,-,-,-,-,-,-,-,-,-
43102,Paüls,-,-,-,-,-,-,-,-,-,-
17129,Pedret i Marzà,-,-,-,-,-,-,-,-,-,-
25164,Penelles,-,1,-,2,1,1,2,4,1,7
17130,"Pera, la",-,-,-,-,-,-,-,-,-,-
08160,Perafita,-,1,-,-,-,-,-,-,-,-
43103,Perafort,2,-,1,1,-,-,1,1,-,3
17132,Peralada,1,-,-,-,-,-,-,-,-,-
25165,Peramola,-,-,-,-,-,-,-,-,-,-
43104,"Perelló, el",-,-,-,1,-,-,-,-,-,-
08161,Piera,10,9,6,12,12,14,15,7,17,3
43105,"Piles, les",-,-,-,1,-,-,-,-,-,-
08163,Pineda de Mar,10,17,11,20,27,8,11,5,4,10
43106,"Pinell de Brai, el",-,-,-,-,-,-,-,-,-,-
25166,Pinell de Solsonès,-,-,-,-,-,-,-,-,-,-
25167,Pinós,-,-,-,-,-,-,-,-,-,-
43107,Pira,-,-,-,-,-,1,-,-,-,-
43108,"Pla de Santa Maria, el",3,2,3,3,2,1,2,2,-,1
08164,"Pla del Penedès, el",2,4,5,6,8,2,-,1,-,-
17133,"Planes d'Hostoles, les",1,-,-,-,-,-,1,1,1,-
17134,Planoles,5,2,3,1,1,-,-,-,2,-
25911,"Plans de Sió, els",-,-,-,-,-,-,-,-,-,-
25168,"Poal, el",-,-,-,-,-,-,-,-,-,-
25169,"Pobla de Cérvoles, la",-,-,-,-,-,-,-,-,-,-
08165,"Pobla de Claramunt, la",1,-,-,1,3,1,1,1,2,1
08166,"Pobla de Lillet, la",-,-,-,-,-,-,-,-,-,-
43109,"Pobla de Mafumet, la",-,9,3,5,4,5,3,-,2,5
43110,"Pobla de Massaluca, la",-,-,-,-,-,-,-,-,-,-
43111,"Pobla de Montornès, la",-,1,-,1,-,1,-,-,-,2
25171,"Pobla de Segur, la",19,11,28,20,12,24,10,4,3,6
43112,Poboleda,-,-,-,-,-,-,-,-,-,-
08167,Polinyà,31,53,42,67,48,6,2,7,46,38
43113,"Pont d'Armentera, el",-,-,-,-,-,-,-,-,-,-
25030,"Pont de Bar, el",-,-,-,-,-,-,-,-,-,-
17135,Pont de Molins,-,-,-,-,1,-,-,-,-,-
25173,"Pont de Suert, el",8,11,12,6,11,8,9,-,-,6
08182,"Pont de Vilomara i Rocafort, el",9,8,10,5,11,9,4,1,2,-
43141,Pontils,-,-,-,-,-,-,-,-,-,-
08168,Pontons,-,-,-,-,-,-,-,-,-,-
17136,Pontós,-,-,-,-,-,-,-,-,-,-
25172,Ponts,1,-,-,-,-,-,-,-,1,-
17137,Porqueres,1,1,-,4,2,-,2,-,1,1
43114,Porrera,-,-,-,-,-,-,-,-,-,-
17140,"Port de la Selva, el",-,-,1,-,-,1,1,4,5,4
17138,Portbou,-,1,1,1,-,-,-,-,-,-
25174,"Portella, la",-,-,-,-,-,-,-,-,-,-
43115,Pradell de la Teixeta,-,-,-,-,-,-,-,-,-,-
43116,Prades,-,-,1,-,1,-,-,-,-,-
43117,Prat de Comte,-,-,-,-,-,-,-,-,-,-
08169,"Prat de Llobregat, el",342,311,351,405,368,419,165,130,288,269
43118,Pratdip,-,1,1,-,-,-,-,-,-,-
08171,Prats de Lluçanès,-,-,-,-,-,-,-,-,-,1
08170,"Prats de Rei, els",1,1,1,2,5,4,3,1,9,-
25175,Prats i Sansor,-,-,1,-,-,-,-,-,-,-
25176,Preixana,-,-,-,-,-,-,-,-,-,-
25177,Preixens,-,-,-,-,-,-,-,-,-,-
08230,Premià de Dalt,25,44,29,20,18,5,1,6,22,75
08172,Premià de Mar,16,28,19,27,22,12,3,10,12,22
17139,"Preses, les",11,9,12,14,7,10,10,9,8,10
25179,Prullans,-,-,-,1,-,-,-,-,-,-
17141,Puigcerdà,6,13,15,19,17,16,7,12,32,23
08174,Puigdàlber,-,-,-,-,-,-,1,-,-,-
25180,Puiggròs,-,-,-,-,-,-,-,-,-,-
43119,Puigpelat,-,-,1,-,-,-,1,-,-,-
08175,Puig-reig,2,-,-,-,1,-,-,-,1,-
25181,Puigverd d'Agramunt,-,-,-,-,-,-,-,-,-,-
25182,Puigverd de Lleida,-,-,-,1,-,1,-,-,-,1
08176,Pujalt,-,-,-,-,-,-,-,-,-,-
08177,"Quar, la",-,-,-,-,-,-,-,-,-,-
17142,Quart,6,3,5,1,2,3,1,1,-,-
17043,Queralbs,-,-,-,-,-,-,-,-,-,-
43120,Querol,-,-,-,-,-,-,-,-,-,-
17143,Rabós,-,-,-,-,-,-,-,-,-,-
08178,Rajadell,-,-,-,-,-,-,-,-,-,-
43121,Rasquera,-,1,1,-,-,-,-,-,-,-
17144,Regencós,-,-,-,-,-,-,-,-,-,-
08179,Rellinars,-,-,-,-,1,-,-,-,-,-
43122,Renau,-,-,-,-,-,-,-,-,-,-
43123,Reus,165,358,277,304,350,352,411,340,558,655
25183,Rialp,2,2,10,4,1,2,1,11,1,1
43124,"Riba, la",-,-,-,-,-,-,-,-,-,-
43125,Riba-roja d'Ebre,1,-,-,-,-,-,-,-,-,1
25905,Ribera d'Ondara,-,-,-,-,-,-,-,-,-,-
25185,Ribera d'Urgellet,-,-,-,-,-,-,-,-,-,-
17145,Ribes de Freser,-,10,-,1,3,5,-,2,2,1
17146,Riells i Viabrea,1,-,1,-,3,1,-,-,-,-
43126,"Riera de Gaià, la",-,-,1,-,-,-,-,-,-,1
25186,Riner,-,-,-,-,-,-,-,-,-,-
17147,Ripoll,33,39,34,21,26,37,20,10,2,47
08180,Ripollet,87,84,75,95,428,155,28,21,45,41
25913,Riu de Cerdanya,-,-,-,-,-,-,-,-,-,1
17148,Riudarenes,2,-,-,1,1,-,-,-,-,1
17149,Riudaura,-,-,-,-,-,-,-,-,-,-
43127,Riudecanyes,-,3,-,-,-,-,-,-,-,-
43128,Riudecols,-,-,1,-,1,-,-,-,-,-
17150,Riudellots de la Selva,1,-,1,-,1,2,-,-,-,-
43129,Riudoms,2,-,5,2,2,1,1,-,1,-
17151,Riumors,-,-,-,-,-,-,-,-,-,-
08181,"Roca del Vallès, la",5,6,2,-,2,2,1,-,1,90
43130,Rocafort de Queralt,-,-,-,-,-,-,-,-,-,-
43131,Roda de Berà,3,22,5,-,3,2,3,-,22,6
08183,Roda de Ter,6,9,11,9,4,5,5,-,-,-
43132,Rodonyà,-,-,-,-,-,-,-,-,-,-
43133,Roquetes,-,-,-,1,5,4,3,6,7,5
17152,Roses,18,32,26,27,30,22,28,21,29,73
25189,Rosselló,-,2,-,2,2,2,-,1,-,-
43134,"Rourell, el",-,-,-,-,-,-,-,-,-,-
08184,Rubí,46,56,43,84,143,50,14,29,30,17
08185,Rubió,-,-,-,-,-,-,-,-,-,-
17153,Rupià,-,-,-,-,2,-,-,-,-,-
08901,Rupit i Pruit,-,-,-,-,-,-,-,-,-,-
08187,Sabadell,870,"1,291",925,853,691,613,550,595,993,"1,269"
08188,Sagàs,-,-,-,-,-,-,-,-,-,-
25190,Salàs de Pallars,-,-,-,-,-,2,-,-,-,-
08190,Saldes,-,-,-,-,-,-,-,-,-,-
17154,Sales de Llierca,-,-,-,-,-,-,-,-,-,-
08191,Sallent,10,15,9,14,9,9,9,33,2,97
43135,Salomó,1,-,-,-,-,-,-,-,-,-
43905,Salou,46,51,77,76,35,77,93,43,45,54
17155,Salt,176,236,180,225,139,117,113,81,36,150
25191,Sanaüja,-,-,-,-,-,-,-,-,-,-
08194,Sant Adrià de Besòs,150,251,194,220,269,306,171,241,174,160
08195,Sant Agustí de Lluçanès,-,-,-,-,-,-,-,-,-,-
08196,Sant Andreu de la Barca,62,114,102,109,152,62,20,42,47,469
08197,Sant Andreu de Llavaneres,5,2,2,1,1,-,-,1,1,-
17157,Sant Andreu Salou,-,-,-,-,-,-,-,-,-,-
17183,Sant Aniol de Finestres,-,-,-,1,-,-,-,1,-,-
08198,Sant Antoni de Vilamajor,2,-,2,1,-,1,-,-,1,-
08199,Sant Bartomeu del Grau,-,-,-,-,-,-,-,-,-,-
08200,Sant Boi de Llobregat,219,667,279,171,136,67,33,14,35,54
08201,Sant Boi de Lluçanès,-,-,-,-,-,-,-,-,-,-
43136,Sant Carles de la Ràpita,52,12,35,41,38,51,75,74,47,8
08203,Sant Cebrià de Vallalta,-,1,-,-,-,-,-,-,-,1
08202,Sant Celoni,7,10,11,7,5,2,3,3,2,21
08204,Sant Climent de Llobregat,4,-,1,-,2,-,-,1,1,-
17158,Sant Climent Sescebes,-,-,-,-,-,-,-,-,-,-
08205,Sant Cugat del Vallès,229,860,"1,411",709,770,543,241,265,558,311
08206,Sant Cugat Sesgarrigues,2,-,-,2,-,-,-,-,-,-
25196,Sant Esteve de la Sarga,-,-,-,-,-,-,-,-,-,-
08207,Sant Esteve de Palautordera,1,-,-,-,-,-,-,-,1,-
08208,Sant Esteve Sesrovires,6,7,1,20,17,3,-,1,6,14
17159,Sant Feliu de Buixalleu,-,-,-,-,-,-,-,-,-,-
08210,Sant Feliu de Codines,4,2,1,-,1,1,1,1,-,-
17160,Sant Feliu de Guíxols,20,15,34,57,71,37,25,13,53,44
08211,Sant Feliu de Llobregat,225,550,261,202,203,187,104,88,44,33
17161,Sant Feliu de Pallerols,-,-,-,-,-,-,-,1,1,-
08212,Sant Feliu Sasserra,-,-,-,-,-,-,-,-,-,-
17162,Sant Ferriol,-,-,-,-,-,-,-,-,-,-
08209,Sant Fost de Campsentelles,2,9,8,27,12,12,15,6,1,2
08213,Sant Fruitós de Bages,24,32,10,16,10,2,1,3,1,1
17163,Sant Gregori,8,66,24,8,16,15,16,24,10,7
25192,Sant Guim de Freixenet,-,-,-,-,-,-,-,-,-,-
25197,Sant Guim de la Plana,-,-,-,-,-,-,-,-,-,-
17164,Sant Hilari Sacalm,3,7,10,7,4,1,5,6,7,1
08215,Sant Hipòlit de Voltregà,3,7,1,3,-,1,4,1,-,-
08193,Sant Iscle de Vallalta,1,-,-,-,-,-,1,1,-,-
08216,Sant Jaume de Frontanyà,-,-,-,-,-,-,-,-,-,-
17165,Sant Jaume de Llierca,1,1,1,-,-,-,2,2,2,-
43137,Sant Jaume dels Domenys,-,-,-,-,1,-,-,-,-,-
43902,Sant Jaume d'Enveja,2,1,-,-,1,-,-,-,-,-
17167,Sant Joan de les Abadesses,4,12,14,13,9,3,6,7,11,26
17168,Sant Joan de Mollet,-,-,-,-,-,-,-,-,-,-
08218,Sant Joan de Vilatorrada,12,4,7,11,8,2,-,1,2,2
08217,Sant Joan Despí,104,802,197,337,131,83,137,75,158,253
17185,Sant Joan les Fonts,9,6,5,8,11,5,8,-,6,12
17166,Sant Jordi Desvalls,-,-,-,1,-,-,-,-,-,-
08903,Sant Julià de Cerdanyola,-,-,-,-,-,-,-,-,-,-
17169,Sant Julià de Ramis,2,-,-,-,2,1,1,1,-,-
08220,Sant Julià de Vilatorta,5,1,9,7,4,2,-,-,8,-
17903,Sant Julià del Llor i Bonmatí,1,-,-,-,-,-,-,-,-,-
08221,Sant Just Desvern,61,82,216,111,130,30,24,7,16,114
17171,Sant Llorenç de la Muga,-,-,-,-,-,-,-,-,-,-
25193,Sant Llorenç de Morunys,-,-,-,-,-,-,-,-,-,-
08222,Sant Llorenç d'Hortons,-,1,-,3,-,-,-,-,-,-
08223,Sant Llorenç Savall,4,4,4,4,8,10,9,2,-,1
08225,Sant Martí d'Albars,-,-,-,-,-,-,-,-,-,-
08224,Sant Martí de Centelles,1,-,-,-,1,3,3,-,-,-
17172,Sant Martí de Llémena,-,-,-,-,-,-,-,-,1,-
25902,Sant Martí de Riucorb,-,-,-,-,-,-,-,-,-,1
08226,Sant Martí de Tous,-,1,-,1,1,-,1,-,-,1
08227,Sant Martí Sarroca,2,6,6,6,7,2,-,1,-,-
08228,Sant Martí Sesgueioles,-,-,-,-,-,-,1,-,-,-
17173,Sant Martí Vell,-,-,-,-,-,-,-,-,-,-
08229,Sant Mateu de Bages,1,1,-,1,-,-,-,-,1,-
17174,Sant Miquel de Campmajor,-,-,-,-,-,-,-,-,-,-
17175,Sant Miquel de Fluvià,1,-,-,-,-,-,-,-,-,-
17176,Sant Mori,-,-,-,-,-,-,-,-,-,-
17177,Sant Pau de Segúries,-,-,-,-,-,-,-,-,-,-
08231,Sant Pere de Ribes,139,63,77,120,164,37,17,27,16,29
08232,Sant Pere de Riudebitlles,4,1,2,1,2,4,-,-,-,-
08233,Sant Pere de Torelló,1,4,4,5,9,10,1,-,-,-
08234,Sant Pere de Vilamajor,-,-,1,1,1,-,-,-,1,1
17178,Sant Pere Pescador,-,-,-,1,3,-,-,-,-,-
08189,Sant Pere Sallavinera,-,-,1,-,-,-,-,-,-,-
08235,Sant Pol de Mar,3,6,27,8,2,-,2,3,10,25
08236,Sant Quintí de Mediona,7,3,9,9,5,2,1,-,-,1
08237,Sant Quirze de Besora,2,2,1,1,3,3,2,1,2,2
08238,Sant Quirze del Vallès,59,86,74,77,49,37,65,85,76,91
08239,Sant Quirze Safaja,-,-,-,-,-,-,-,-,-,-
25194,Sant Ramon,-,-,-,-,-,-,-,-,-,-
08240,Sant Sadurní d'Anoia,31,37,30,39,42,35,33,26,5,24
08241,Sant Sadurní d'Osormort,-,-,-,-,-,-,-,-,-,-
08098,Sant Salvador de Guardiola,-,-,-,-,-,-,-,-,-,-
08262,Sant Vicenç de Castellet,19,9,10,20,14,33,31,2,2,1
08264,Sant Vicenç de Montalt,7,7,5,1,2,1,1,1,3,14
08265,Sant Vicenç de Torelló,6,4,4,5,4,5,3,-,-,-
08263,Sant Vicenç dels Horts,74,53,58,69,61,39,4,14,28,7
43138,Santa Bàrbara,1,4,1,2,2,2,4,-,4,-
08243,Santa Cecília de Voltregà,-,-,-,-,-,-,-,-,-,-
08244,Santa Coloma de Cervelló,4,4,6,11,6,2,2,3,7,2
17180,Santa Coloma de Farners,15,21,33,9,28,16,31,25,33,1
08245,Santa Coloma de Gramenet,180,217,297,295,367,292,150,99,124,220
43139,Santa Coloma de Queralt,2,5,8,2,1,1,2,-,-,-
17181,Santa Cristina d'Aro,4,3,4,2,14,22,1,8,7,20
08246,Santa Eugènia de Berga,2,2,1,7,3,10,5,-,-,-
08247,Santa Eulàlia de Riuprimer,-,3,4,1,-,-,-,-,-,-
08248,Santa Eulàlia de Ronçana,5,2,2,2,3,-,-,1,1,1
08249,Santa Fe del Penedès,1,-,-,-,-,-,-,-,-,-
17182,Santa Llogaia d'Àlguema,-,-,-,-,-,-,-,-,-,-
08250,Santa Margarida de Montbui,15,9,10,23,20,15,22,11,19,8
08251,Santa Margarida i els Monjos,55,38,41,34,46,45,59,52,165,1
08253,Santa Maria de Besora,-,-,-,-,-,-,-,-,-,-
08256,Santa Maria de Martorelles,-,-,-,-,-,1,-,-,1,-
08255,Santa Maria de Merlès,-,-,-,-,-,-,-,-,-,-
08257,Santa Maria de Miralles,-,-,-,-,-,-,-,-,-,-
08259,Santa Maria de Palautordera,2,5,1,2,2,-,-,1,-,2
08258,Santa Maria d'Oló,-,-,-,1,1,-,1,-,-,-
43140,Santa Oliva,-,2,-,-,-,-,-,-,1,2
17184,Santa Pau,-,-,-,-,-,-,-,-,1,-
08260,Santa Perpètua de Mogoda,73,85,97,122,79,77,73,59,63,244
08261,Santa Susanna,2,-,1,1,-,-,-,-,-,-
08192,Santpedor,13,7,9,11,7,4,12,6,3,-
43142,Sarral,3,2,2,-,1,-,-,-,-,-
17186,Sarrià de Ter,4,2,6,3,-,6,2,1,-,-
25201,Sarroca de Bellera,-,-,-,-,-,1,-,-,-,-
25200,Sarroca de Lleida,-,-,-,-,-,-,-,-,-,-
17187,"Saus, Camallera i Llampaies",1,-,-,-,-,-,-,-,-,-
43143,Savallà del Comtat,-,-,-,-,-,-,-,-,-,-
43144,"Secuita, la",-,1,-,-,-,-,-,-,-,1
17188,"Selva de Mar, la",-,-,-,-,-,-,1,-,-,-
43145,"Selva del Camp, la",-,2,7,7,3,10,6,3,6,6
43146,Senan,-,-,-,-,-,-,-,-,-,-
43044,"Sénia, la",2,1,-,-,-,1,1,-,1,-
25202,Senterada,1,-,-,-,-,-,-,-,1,-
25035,"Sentiu de Sió, la",-,-,-,-,-,2,-,-,-,-
08267,Sentmenat,17,34,18,26,17,11,22,16,-,2
17190,Serinyà,-,-,-,-,1,-,-,-,-,-
25204,Seròs,2,-,-,1,-,-,-,-,-,-
17191,Serra de Daró,-,-,-,-,-,-,-,-,-,-
17192,Setcases,-,-,-,-,-,-,-,-,-,-
25203,"Seu d'Urgell, la",24,24,24,25,37,23,37,40,42,100
08269,Seva,-,-,-,-,-,-,-,-,-,-
25205,Sidamon,1,1,2,-,-,1,-,-,-,1
17193,Sils,1,4,3,-,4,2,2,3,-,-
08270,Sitges,26,191,212,35,58,96,124,71,143,93
17052,Siurana,-,-,-,-,-,-,-,-,-,-
08271,Sobremunt,-,-,-,-,-,-,-,-,-,-
25206,"Soleràs, el",-,-,-,-,-,-,-,-,-,-
43147,Solivella,-,-,-,-,-,-,-,-,-,-
25207,Solsona,61,43,55,38,45,57,8,26,4,-
08272,Sora,-,-,-,-,-,-,-,-,-,-
25208,Soriguera,3,2,1,-,1,-,2,5,-,-
25209,Sort,21,20,27,22,24,25,10,48,4,-
25210,Soses,-,-,-,-,-,-,-,-,-,-
08273,Subirats,-,-,2,2,1,1,-,-,-,-
25211,Sudanell,-,-,1,-,1,-,1,-,-,-
25212,Sunyer,1,-,-,-,-,-,-,-,-,-
08274,Súria,21,12,12,4,3,3,2,6,10,11
17194,Susqueda,-,-,-,-,-,-,-,-,-,-
08276,Tagamanent,-,-,-,-,-,-,-,-,-,-
08277,Talamanca,-,-,1,-,-,-,-,-,-,-
25215,Talarn,2,-,1,-,-,1,1,-,-,-
25216,Talavera,-,-,-,-,-,-,1,-,-,-
17195,"Tallada d'Empordà, la",-,-,-,-,-,-,-,-,-,-
08278,Taradell,6,2,6,5,4,8,3,1,6,-
43148,Tarragona,187,286,389,348,359,329,425,300,343,533
25217,Tàrrega,29,47,94,68,70,31,22,22,24,23
25218,Tarrés,-,-,-,-,-,-,-,-,-,-
25219,Tarroja de Segarra,-,-,-,-,-,-,-,-,-,-
08275,Tavèrnoles,1,-,-,-,-,1,-,-,-,-
08280,Tavertet,-,-,-,-,-,-,-,-,-,-
08281,Teià,17,26,9,18,16,7,2,4,5,5
25220,Térmens,-,-,-,-,1,-,-,-,-,-
17196,Terrades,-,-,-,-,-,-,-,-,-,-
08279,Terrassa,"1,051","1,386","1,493","1,633","1,878","1,080",632,813,"1,202","1,370"
08282,Tiana,39,28,151,39,21,14,19,115,51,7
25221,Tírvia,-,1,-,1,-,-,2,-,-,-
25222,Tiurana,-,-,-,-,-,-,-,-,-,-
43149,Tivenys,-,-,-,-,-,-,-,-,-,-
43150,Tivissa,1,1,1,-,-,-,-,-,-,1
08283,Tona,4,2,3,-,2,3,2,1,1,3
25223,Torà,1,1,1,-,1,1,2,-,-,1
08284,Tordera,31,54,40,57,52,52,25,33,16,19
08285,Torelló,38,37,45,62,41,50,59,51,24,53
25224,"Torms, els",-,-,-,-,-,-,-,-,-,-
25225,Tornabous,-,-,-,-,-,-,-,-,-,-
25227,"Torre de Cabdella, la",2,6,2,2,6,25,2,1,1,2
08286,"Torre de Claramunt, la",3,-,-,-,1,3,1,-,-,-
43151,"Torre de Fontaubella, la",-,-,-,-,-,-,-,-,-,-
43152,"Torre de l'Espanyol, la",1,7,-,5,5,14,2,2,4,8
25226,Torrebesses,-,-,-,-,-,-,-,-,-,-
43153,Torredembarra,10,13,18,18,13,15,23,11,13,32
25228,Torrefarrera,1,4,2,1,-,-,-,-,3,3
25907,Torrefeta i Florejacs,-,1,-,-,-,-,-,-,-,-
25230,Torregrossa,2,3,-,1,-,-,-,-,-,-
25231,Torrelameu,-,-,-,-,-,-,-,-,-,-
08287,Torrelavit,-,-,2,-,2,2,1,-,-,-
08288,Torrelles de Foix,2,1,4,4,4,2,2,-,-,2
08289,Torrelles de Llobregat,10,13,12,11,6,2,2,-,-,-
17197,Torrent,-,-,-,-,-,-,-,-,-,-
25232,Torres de Segre,-,1,2,-,3,1,5,7,6,-
25233,Torre-serona,-,-,-,1,-,-,-,-,-,-
17198,Torroella de Fluvià,-,-,-,-,-,-,-,-,-,-
17199,Torroella de Montgrí,5,2,5,4,14,10,13,10,28,33
43154,Torroja del Priorat,-,-,-,1,-,-,-,-,-,-
17200,Tortellà,1,-,-,-,-,-,-,-,-,-
43155,Tortosa,12,15,29,34,40,28,25,34,16,50
17201,Toses,-,-,-,-,-,-,-,-,-,-
17202,Tossa de Mar,2,2,2,1,2,-,-,-,1,49
25234,Tremp,24,33,46,68,52,56,34,2,2,10
17204,Ullà,1,-,-,1,2,-,-,-,-,2
08290,Ullastrell,-,-,1,1,-,-,-,-,-,-
17205,Ullastret,-,-,-,-,-,-,-,-,-,-
43156,Ulldecona,2,1,-,-,-,-,-,-,-,2
43157,Ulldemolins,-,-,-,-,-,-,-,-,-,-
17203,Ultramort,-,-,-,-,-,-,-,-,-,-
17206,Urús,-,-,-,-,-,-,-,-,-,-
08291,Vacarisses,-,1,1,3,3,-,-,2,-,-
17014,"Vajol, la",-,-,-,-,-,-,-,-,-,-
17208,"Vall de Bianya, la",2,-,-,-,-,-,-,2,4,1
25043,"Vall de Boí, la",-,-,-,-,-,-,-,-,-,-
25901,Vall de Cardós,1,1,1,-,1,-,1,2,-,-
17207,"Vall d'en Bas, la",1,-,-,1,1,-,2,3,2,3
08292,Vallbona d'Anoia,1,-,1,-,1,-,1,-,1,-
25238,Vallbona de les Monges,-,-,-,-,-,-,-,-,-,-
08293,Vallcebre,-,-,-,-,1,-,-,-,1,-
43158,Vallclara,-,-,-,-,-,-,-,-,-,-
25240,Vallfogona de Balaguer,1,-,-,1,-,-,1,-,-,-
17170,Vallfogona de Ripollès,-,-,-,-,-,-,-,-,-,-
43159,Vallfogona de Riucorb,-,1,-,-,-,-,-,-,-,-
08294,Vallgorguina,-,-,-,-,-,-,-,-,-,-
08295,Vallirana,8,4,6,6,3,2,9,3,4,1
17209,Vall-llobrega,-,-,-,-,-,-,-,-,-,-
43160,Vallmoll,-,-,-,-,-,1,-,-,-,-
08296,Vallromanes,-,2,-,-,-,-,-,-,-,-
43161,Valls,43,83,68,98,75,47,46,32,51,74
25906,"Valls d'Aguilar, les",-,-,1,-,-,-,-,-,-,-
25239,"Valls de Valira, les",-,1,1,-,-,-,-,-,-,-
43162,Vandellòs i l'Hospitalet de l'Infant,6,10,8,3,10,8,6,-,-,1
25909,"Vansa i Fórnols, la",-,-,-,-,-,-,-,-,-,-
08297,Veciana,-,-,-,-,-,-,-,-,-,-
43163,"Vendrell, el",37,102,102,133,97,100,145,58,83,39
17210,Ventalló,-,-,-,1,-,-,-,-,-,-
25242,Verdú,-,1,1,1,-,-,-,-,-,-
17211,Verges,2,1,1,1,-,1,-,-,-,1
43164,Vespella de Gaià,-,-,-,-,-,-,-,-,-,-
08298,Vic,147,230,205,330,226,151,73,79,34,26
17212,Vidrà,2,-,1,1,-,1,-,-,-,-
17213,Vidreres,3,4,2,4,1,-,1,1,1,1
25243,Vielha e Mijaran,30,8,27,20,19,19,30,26,-,11
43165,Vilabella,-,-,-,-,-,-,-,-,1,-
17214,Vilabertran,-,-,-,-,-,-,-,-,-,-
17215,Vilablareix,5,3,2,2,5,2,2,5,6,4
08299,Vilada,1,-,-,-,-,1,-,-,-,-
17217,Viladamat,-,1,-,-,-,-,-,-,-,-
17216,Viladasens,-,-,1,-,-,-,-,-,-,-
08301,Viladecans,564,200,376,295,343,145,136,58,70,79
08300,Viladecavalls,2,3,1,3,1,-,1,-,1,8
17218,Vilademuls,-,-,-,-,-,-,-,1,-,-
17220,Viladrau,-,-,-,-,-,-,-,-,-,-
17221,Vilafant,2,3,2,3,1,2,2,4,1,-
08305,Vilafranca del Penedès,137,160,186,219,220,232,159,158,143,185
25244,Vilagrassa,-,1,-,-,-,-,1,-,-,-
17223,Vilajuïga,-,-,-,-,-,-,-,-,-,-
43175,Vilalba dels Arcs,-,-,-,-,-,-,1,-,1,-
08306,Vilalba Sasserra,-,-,-,-,-,-,-,-,-,-
25245,Vilaller,-,-,-,-,-,-,-,-,-,-
17224,Vilallonga de Ter,-,-,-,-,-,-,-,-,-,-
43166,Vilallonga del Camp,-,1,-,3,3,2,1,-,1,2
17225,Vilamacolum,-,-,-,-,-,-,-,-,-,-
17226,Vilamalla,-,2,-,-,-,1,-,-,-,-
17227,Vilamaniscle,-,-,-,-,-,-,-,-,-,-
25247,Vilamòs,-,-,-,-,-,-,-,-,-,-
17228,Vilanant,-,-,-,-,-,-,-,-,-,-
25248,Vilanova de Bellpuig,1,-,1,-,-,-,-,-,-,-
25254,Vilanova de la Barca,-,1,-,-,1,-,2,-,-,-
25249,Vilanova de l'Aguda,-,-,-,-,-,-,-,-,-,-
25250,Vilanova de Meià,-,-,-,-,-,-,-,-,-,-
43168,Vilanova de Prades,-,-,-,-,-,-,-,-,-,-
08303,Vilanova de Sau,-,-,-,-,-,-,-,1,-,-
25251,Vilanova de Segrià,-,-,-,1,-,3,1,-,-,-
08302,Vilanova del Camí,12,22,16,11,17,12,14,9,11,6
08902,Vilanova del Vallès,4,-,1,-,1,-,-,-,1,-
43167,Vilanova d'Escornalbou,-,-,-,-,1,2,-,-,-,-
08307,Vilanova i la Geltrú,156,168,174,277,258,215,137,114,186,224
43169,Vilaplana,-,-,-,-,-,-,-,-,-,-
43170,Vila-rodona,-,-,2,1,-,1,1,1,1,-
17230,Vila-sacra,-,-,-,-,-,-,-,-,-,-
25252,Vila-sana,-,-,-,-,-,-,-,-,-,-
43171,Vila-seca,37,56,58,61,73,63,60,18,8,25
08214,Vilassar de Dalt,3,6,7,6,4,2,1,1,-,-
08219,Vilassar de Mar,38,63,61,59,32,31,41,21,36,43
17222,Vilaür,-,-,-,-,-,-,-,-,-,-
43172,Vilaverd,-,-,-,-,-,-,-,-,-,-
43173,"Vilella Alta, la",-,-,-,-,-,-,-,-,-,-
43174,"Vilella Baixa, la",-,-,-,-,-,-,-,-,-,-
08304,Vilobí del Penedès,-,-,-,-,-,-,1,1,-,-
17233,Vilobí d'Onyar,-,1,1,1,1,-,-,-,-,-
17232,Vilopriu,-,-,-,-,-,-,-,-,-,-
25253,"Vilosell, el",-,-,-,-,-,-,-,-,-,-
43176,Vimbodí i Poblet,1,-,-,1,-,1,-,-,-,-
25255,Vinaixa,-,-,-,-,-,-,-,-,-,-
43177,Vinebre,-,1,-,-,-,-,-,-,-,-
43178,Vinyols i els Arcs,1,-,2,4,2,1,1,-,-,-
08308,Viver i Serrateix,-,-,-,-,-,-,-,-,-,-
43052,Xerta,-,-,-,-,-,-,-,-,-,-
,,,,,,,,,,,
,,,,,,,,,,,
